{
  "weights": [
    -0.975487518759154,
    -0.012682285042014517,
    -0.09481429341055725,
    0.04185951218294916,
    0.7036772458665564,
    -0.08237773403721638,
    0.38655987193291014,
    -0.25905977872117464,
    -0.17540050125466955,
    -0.04529878365685024,
    0.0,
    0.31470633107484836
  ],
  "bias": -0.398396450462428,
  "feat_mean": [
    0.4117647058823529,
    0.438305328874027,
    0.34229692378464865,
    0.09600840333630056,
    0.301470593056258,
    0.4313725548632005,
    -0.12990196180694244,
    0.29411764881190133,
    0.509803931502735,
    -0.21568627304890575,
    0.5,
    0.6568627585383022
  ],
  "feat_std": [
    0.49215296678475023,
    0.1272645716009903,
    0.12809079865922696,
    0.25157416859785964,
    0.22601868292720664,
    0.24647067874211734,
    0.46395888549541636,
    0.13742986885339276,
    0.13370767806636455,
    0.2682228360100557,
    1e-08,
    0.221186559478617
  ],
  "feature_importance": {
    "raw_long": 0.9755,
    "ind_bull": 0.0127,
    "ind_bear": 0.0948,
    "ind_net": 0.0419,
    "pat_bull": 0.7037,
    "pat_bear": 0.0824,
    "pat_net": 0.3866,
    "trn_bull": 0.2591,
    "trn_bear": 0.1754,
    "trn_net": 0.0453,
    "rr_ratio": 0.0,
    "report_agreement": 0.3147
  },
  "feature_names": [
    "raw_long",
    "ind_bull",
    "ind_bear",
    "ind_net",
    "pat_bull",
    "pat_bear",
    "pat_net",
    "trn_bull",
    "trn_bear",
    "trn_net",
    "rr_ratio",
    "report_agreement"
  ],
  "train_meta": {
    "ticker": "TITAN",
    "interval": "1h",
    "n_samples": 34,
    "hold_excluded": 10,
    "train_accuracy": 0.6765
  }
}