{
  "weights": [
    -0.01389160925412029,
    0.0,
    0.0,
    0.0,
    0.0,
    0.0,
    0.0,
    0.0
  ],
  "bias": -0.20972981876368074,
  "feat_mean": [
    0.5373134328358209,
    0.0,
    0.5,
    0.0,
    0.5,
    0.0,
    0.5,
    0.0
  ],
  "feat_std": [
    0.4986057738355243,
    1e-08,
    1e-08,
    1e-08,
    1e-08,
    1e-08,
    1e-08,
    1e-08
  ],
  "feature_importance": {
    "raw_long": 0.0139,
    "ind_dir": 0.0,
    "ind_conf": 0.0,
    "pat_dir": 0.0,
    "pat_conf": 0.0,
    "trn_dir": 0.0,
    "trn_conf": 0.0,
    "agreement": 0.0
  },
  "feature_names": [
    "raw_long",
    "ind_dir",
    "ind_conf",
    "pat_dir",
    "pat_conf",
    "trn_dir",
    "trn_conf",
    "agreement"
  ],
  "train_meta": {
    "ticker": "TITAN",
    "interval": "1h",
    "n_samples": 201,
    "hold_excluded": 79,
    "train_accuracy": 0.5522
  }
}